bits	Invocations	NumFitness	AltNumFitness	FitnessCost	AltFitnessCost	MinFitness	MeanFitness	MaxFitness	StdDevFitness	AvgRuntime	Target	Hits	HitsRatio	FitCalcsPerOpt	AltFitCalcsPerOpt	RuntimePerOpt	Optimizer
10	50	884	884	1.768	1.768	10	10	10	0	0	10	50	1	18	18	0	HillClimber(neighbor=SingleBitFlipper)
10	50	984	984	1.968	1.968	10	10	10	0	0	10	50	1	20	20	0	Annealer(temp=1000.0,cooling=0.1,neighbor=SingleBitFlipper,its=14.000000000000002)
10	50	985	985	1.97	1.97	10	10	10	0	0	10	50	1	20	20	0	Annealer(temp=1000.0,cooling=0.2,neighbor=SingleBitFlipper,its=20.029471813027506)
10	50	1084	1084	2.168	2.168	10	10	10	0	0	10	50	1	22	22	0	Annealer(temp=1000.0,cooling=0.3,neighbor=SingleBitFlipper,its=26.774850051504778)
10	50	1243	1243	2.486	2.486	10	10	10	0	0	10	50	1	25	25	0	Annealer(temp=1000.0,cooling=0.4,neighbor=SingleBitFlipper,its=35.181182326248845)
10	50	1403	1403	2.806	2.806	10	10	10	0	0	10	50	1	28	28	0	Annealer(temp=1000.0,cooling=0.5,neighbor=SingleBitFlipper,its=46.50699332842308)
10	50	1568	1568	3.136	3.136	10	10	10	0	0	10	50	1	31	31	0	Annealer(temp=1000.0,cooling=0.6,neighbor=SingleBitFlipper,its=63.106057727213866)
10	50	1923	1923	3.846	3.846	10	10	10	0	0	10	50	1	38	38	0	Annealer(temp=1000.0,cooling=0.7,neighbor=SingleBitFlipper,its=90.37974730138035)
10	50	2532	2532	5.064	5.064	10	10	10	0	0	10	50	1	51	51	0	Annealer(temp=1000.0,cooling=0.8,neighbor=SingleBitFlipper,its=144.4639162192264)
10	50	4383	4383	8.766	8.766	10	10	10	0	0	10	50	1	88	88	0	Annealer(temp=1000.0,cooling=0.9,neighbor=SingleBitFlipper,its=305.96083457495973)
10	50	26240	26240	52.48	52.48	10	10	10	0	0	10	50	1	525	525	0	Annealer(temp=1000.0,cooling=0.99,neighbor=SingleBitFlipper,its=3207.4740358737195)
10	50	17500	17500	35	35	10	10	10	0	0	10	50	1	350	350	0	Evolver(size=100,keep=50,breeder=UniformCrossover,toMutate=10,mutator=SingleBitMutator)
10	50	21200	21200	42.4	42.4	10	10	10	0	0	10	50	1	424	424	0	Evolver(size=100,keep=50,breeder=SingleCrossover,toMutate=10,mutator=SingleBitMutator)
10	50	20600	20600	41.2	41.2	10	10	10	0	0	10	50	1	412	412	0	Evolver(size=200,keep=50,breeder=UniformCrossover,toMutate=10,mutator=SingleBitMutator)
10	50	21600	21600	43.2	43.2	10	10	10	0	0	10	50	1	432	432	0	Evolver(size=200,keep=50,breeder=SingleCrossover,toMutate=10,mutator=SingleBitMutator)
10	50	32000	32000	64	64	10	10	10	0	0	10	50	1	640	640	0	Evolver(size=200,keep=100,breeder=SingleCrossover,toMutate=10,mutator=SingleBitMutator)
10	50	27800	27800	55.6	55.6	10	10	10	0	0	10	50	1	556	556	0	Evolver(size=200,keep=100,breeder=UniformCrossover,toMutate=10,mutator=SingleBitMutator)
10	50	36400	36400	72.8	72.8	10	10	10	0	0	10	50	1	728	728	0	Evolver(size=400,keep=100,breeder=UniformCrossover,toMutate=10,mutator=SingleBitMutator)
10	50	37600	37600	75.2	75.2	10	10	10	0	0	10	50	1	752	752	0	Evolver(size=400,keep=100,breeder=SingleCrossover,toMutate=10,mutator=SingleBitMutator)
10	50	54000	54000	108	108	10	10	10	0	0	10	50	1	1080	1080	0	Evolver(size=400,keep=200,breeder=UniformCrossover,toMutate=10,mutator=SingleBitMutator)
10	50	58400	58400	116.8	116.8	10	10	10	0	0	10	50	1	1168	1168	0	Evolver(size=400,keep=200,breeder=SingleCrossover,toMutate=10,mutator=SingleBitMutator)
10	50	29949	29949	59.898	59.898	10	10	10	0	0	10	50	1	599	599	0	Mimicker(size=200,keep=2)
10	51	89445	69345	175.726916	136.237721	9	10	10	0.1	0	10	50	0.9804	1789	1387	0	Mimicker(size=200,keep=4)
10	50	25527	25527	51.054	51.054	10	10	10	0	0	10	50	1	511	511	0	Mimicker(size=200,keep=6)
10	50	42105	42105	84.21	84.21	10	10	10	0	0	10	50	1	842	842	0	Mimicker(size=400,keep=2)
10	50	54536	54536	109.072	109.072	10	10	10	0	0	10	50	1	1091	1091	0	Mimicker(size=400,keep=4)
10	50	60551	60551	121.102	121.102	10	10	10	0	0	10	50	1	1211	1211	0	Mimicker(size=400,keep=6)
10	50	26733	26733	53.466	53.466	10	10	10	0	0	10	50	1	535	535	0	Mimicker(size=200,keep=1)
20	50	2212	2212	2.212	2.212	20	20	20	0	0	20	50	1	44	44	0	HillClimber(neighbor=SingleBitFlipper)
20	50	2383	2383	2.383	2.383	20	20	20	0	0	20	50	1	48	48	0	Annealer(temp=1000.0,cooling=0.1,neighbor=SingleBitFlipper,its=14.000000000000002)
20	50	2445	2445	2.445	2.445	20	20	20	0	0	20	50	1	49	49	0	Annealer(temp=1000.0,cooling=0.2,neighbor=SingleBitFlipper,its=20.029471813027506)
20	50	2463	2463	2.463	2.463	20	20	20	0	0	20	50	1	49	49	0	Annealer(temp=1000.0,cooling=0.3,neighbor=SingleBitFlipper,its=26.774850051504778)
20	50	2416	2416	2.416	2.416	20	20	20	0	0	20	50	1	48	48	0	Annealer(temp=1000.0,cooling=0.4,neighbor=SingleBitFlipper,its=35.181182326248845)
20	50	2620	2620	2.62	2.62	20	20	20	0	0	20	50	1	52	52	0	Annealer(temp=1000.0,cooling=0.5,neighbor=SingleBitFlipper,its=46.50699332842308)
20	50	2956	2956	2.956	2.956	20	20	20	0	0	20	50	1	59	59	0	Annealer(temp=1000.0,cooling=0.6,neighbor=SingleBitFlipper,its=63.106057727213866)
20	50	3154	3154	3.154	3.154	20	20	20	0	0	20	50	1	63	63	0	Annealer(temp=1000.0,cooling=0.7,neighbor=SingleBitFlipper,its=90.37974730138035)
20	50	3732	3732	3.732	3.732	20	20	20	0	0	20	50	1	75	75	0	Annealer(temp=1000.0,cooling=0.8,neighbor=SingleBitFlipper,its=144.4639162192264)
20	50	6046	6046	6.046	6.046	20	20	20	0	0	20	50	1	121	121	0	Annealer(temp=1000.0,cooling=0.9,neighbor=SingleBitFlipper,its=305.96083457495973)
20	50	45464	45464	45.464	45.464	20	20	20	0	0	20	50	1	909	909	0	Annealer(temp=1000.0,cooling=0.99,neighbor=SingleBitFlipper,its=3207.4740358737195)
20	50	39400	39400	39.4	39.4	20	20	20	0	0	20	50	1	788	788	0	Evolver(size=100,keep=50,breeder=UniformCrossover,toMutate=10,mutator=SingleBitMutator)
20	50	58700	58700	58.7	58.7	20	20	20	0	0	20	50	1	1174	1174	0	Evolver(size=100,keep=50,breeder=SingleCrossover,toMutate=10,mutator=SingleBitMutator)
20	50	44000	44000	44	44	20	20	20	0	0	20	50	1	880	880	0	Evolver(size=200,keep=50,breeder=UniformCrossover,toMutate=10,mutator=SingleBitMutator)
20	50	57200	57200	57.2	57.2	20	20	20	0	0	20	50	1	1144	1144	0	Evolver(size=200,keep=50,breeder=SingleCrossover,toMutate=10,mutator=SingleBitMutator)
20	50	92800	92800	92.8	92.8	20	20	20	0	0	20	50	1	1856	1856	0	Evolver(size=200,keep=100,breeder=SingleCrossover,toMutate=10,mutator=SingleBitMutator)
20	50	69200	69200	69.2	69.2	20	20	20	0	0	20	50	1	1384	1384	0	Evolver(size=200,keep=100,breeder=UniformCrossover,toMutate=10,mutator=SingleBitMutator)
20	50	79200	79200	79.2	79.2	20	20	20	0	0	20	50	1	1584	1584	0	Evolver(size=400,keep=100,breeder=UniformCrossover,toMutate=10,mutator=SingleBitMutator)
20	50	100000	100000	100	100	20	20	20	0	0	20	50	1	2000	2000	0	Evolver(size=400,keep=100,breeder=SingleCrossover,toMutate=10,mutator=SingleBitMutator)
20	50	126000	126000	126	126	20	20	20	0	0	20	50	1	2520	2520	0	Evolver(size=400,keep=200,breeder=UniformCrossover,toMutate=10,mutator=SingleBitMutator)
20	50	169200	169200	169.2	169.2	20	20	20	0	0	20	50	1	3384	3384	0	Evolver(size=400,keep=200,breeder=SingleCrossover,toMutate=10,mutator=SingleBitMutator)
20	50	70752	70752	70.752	70.752	20	20	20	0	0	20	50	1	1415	1415	0	Mimicker(size=200,keep=2)
20	51	257079	236979	252.285574	232.560353	19	20	20	0.1	0.04	20	50	0.9804	5142	4740	0	Mimicker(size=200,keep=4)
20	51	315369	295269	309.488714	289.763494	19	20	20	0.1	0.04	20	50	0.9804	6307	5905	0	Mimicker(size=200,keep=6)
20	50	99448	99448	99.448	99.448	20	20	20	0	0.02	20	50	1	1989	1989	0	Mimicker(size=400,keep=2)
20	50	160801	160801	160.801	160.801	20	20	20	0	0.02	20	50	1	3216	3216	0	Mimicker(size=400,keep=4)
20	50	363707	363707	363.707	363.707	20	20	20	0	0.04	20	50	1	7274	7274	0	Mimicker(size=400,keep=6)
20	50	56280	56280	56.28	56.28	20	20	20	0	0	20	50	1	1126	1126	0	Mimicker(size=200,keep=1)
30	50	3929	3929	2.619333	2.619333	30	30	30	0	0	30	50	1	79	79	0	HillClimber(neighbor=SingleBitFlipper)
30	50	3834	3834	2.556	2.556	30	30	30	0	0	30	50	1	77	77	0	Annealer(temp=1000.0,cooling=0.1,neighbor=SingleBitFlipper,its=14.000000000000002)
30	50	3938	3938	2.625333	2.625333	30	30	30	0	0	30	50	1	79	79	0	Annealer(temp=1000.0,cooling=0.2,neighbor=SingleBitFlipper,its=20.029471813027506)
30	50	4242	4242	2.828	2.828	30	30	30	0	0	30	50	1	85	85	0	Annealer(temp=1000.0,cooling=0.3,neighbor=SingleBitFlipper,its=26.774850051504778)
30	50	3876	3876	2.584	2.584	30	30	30	0	0	30	50	1	78	78	0	Annealer(temp=1000.0,cooling=0.4,neighbor=SingleBitFlipper,its=35.181182326248845)
30	50	4156	4156	2.770667	2.770667	30	30	30	0	0	30	50	1	83	83	0	Annealer(temp=1000.0,cooling=0.5,neighbor=SingleBitFlipper,its=46.50699332842308)
30	50	4661	4661	3.107333	3.107333	30	30	30	0	0	30	50	1	93	93	0	Annealer(temp=1000.0,cooling=0.6,neighbor=SingleBitFlipper,its=63.106057727213866)
30	50	4571	4571	3.047333	3.047333	30	30	30	0	0	30	50	1	91	91	0	Annealer(temp=1000.0,cooling=0.7,neighbor=SingleBitFlipper,its=90.37974730138035)
30	50	5293	5293	3.528667	3.528667	30	30	30	0	0	30	50	1	106	106	0	Annealer(temp=1000.0,cooling=0.8,neighbor=SingleBitFlipper,its=144.4639162192264)
30	50	7436	7436	4.957333	4.957333	30	30	30	0	0	30	50	1	149	149	0	Annealer(temp=1000.0,cooling=0.9,neighbor=SingleBitFlipper,its=305.96083457495973)
30	50	51227	51227	34.151333	34.151333	30	30	30	0	0	30	50	1	1025	1025	0	Annealer(temp=1000.0,cooling=0.99,neighbor=SingleBitFlipper,its=3207.4740358737195)
30	50	54400	54400	36.266667	36.266667	30	30	30	0	0	30	50	1	1088	1088	0	Evolver(size=100,keep=50,breeder=UniformCrossover,toMutate=10,mutator=SingleBitMutator)
30	51	89000	88000	58.207979	57.553957	29	30	30	0.1	0	30	50	0.9804	1780	1760	0	Evolver(size=100,keep=50,breeder=SingleCrossover,toMutate=10,mutator=SingleBitMutator)
30	50	62400	62400	41.6	41.6	30	30	30	0	0	30	50	1	1248	1248	0	Evolver(size=200,keep=50,breeder=UniformCrossover,toMutate=10,mutator=SingleBitMutator)
30	50	84400	84400	56.266667	56.266667	30	30	30	0	0	30	50	1	1688	1688	0	Evolver(size=200,keep=50,breeder=SingleCrossover,toMutate=10,mutator=SingleBitMutator)
30	50	150600	150600	100.4	100.4	30	30	30	0	0	30	50	1	3012	3012	0	Evolver(size=200,keep=100,breeder=SingleCrossover,toMutate=10,mutator=SingleBitMutator)
30	50	102400	102400	68.266667	68.266667	30	30	30	0	0	30	50	1	2048	2048	0	Evolver(size=200,keep=100,breeder=UniformCrossover,toMutate=10,mutator=SingleBitMutator)
30	50	118000	118000	78.666667	78.666667	30	30	30	0	0	30	50	1	2360	2360	0	Evolver(size=400,keep=100,breeder=UniformCrossover,toMutate=10,mutator=SingleBitMutator)
30	50	152400	152400	101.6	101.6	30	30	30	0	0	30	50	1	3048	3048	0	Evolver(size=400,keep=100,breeder=SingleCrossover,toMutate=10,mutator=SingleBitMutator)
30	50	189600	189600	126.4	126.4	30	30	30	0	0	30	50	1	3792	3792	0	Evolver(size=400,keep=200,breeder=UniformCrossover,toMutate=10,mutator=SingleBitMutator)
30	50	273600	273600	182.4	182.4	30	30	30	0	0.02	30	50	1	5472	5472	0	Evolver(size=400,keep=200,breeder=SingleCrossover,toMutate=10,mutator=SingleBitMutator)
30	50	105525	105525	70.35	70.35	30	30	30	0	0.02	30	50	1	2111	2111	0	Mimicker(size=200,keep=2)
30	50	370443	370443	246.962	246.962	30	30	30	0	0.1	30	50	1	7409	7409	0.1	Mimicker(size=200,keep=4)
30	51	442401	422301	289.340092	276.194245	29	30	30	0.1	0.1	30	50	0.9804	8848	8446	0.1	Mimicker(size=200,keep=6)
30	50	143157	143157	95.438	95.438	30	30	30	0	0.04	30	50	1	2863	2863	0	Mimicker(size=400,keep=2)
30	50	198896	198896	132.597333	132.597333	30	30	30	0	0.04	30	50	1	3978	3978	0	Mimicker(size=400,keep=4)
30	50	513280	513280	342.186667	342.186667	30	30	30	0	0.14	30	50	1	10266	10266	0.1	Mimicker(size=400,keep=6)
30	50	93063	93063	62.042	62.042	30	30	30	0	0	30	50	1	1861	1861	0	Mimicker(size=200,keep=1)
40	50	5352	5352	2.676	2.676	40	40	40	0	0	40	50	1	107	107	0	HillClimber(neighbor=SingleBitFlipper)
40	50	5689	5689	2.8445	2.8445	40	40	40	0	0	40	50	1	114	114	0	Annealer(temp=1000.0,cooling=0.1,neighbor=SingleBitFlipper,its=14.000000000000002)
40	50	5703	5703	2.8515	2.8515	40	40	40	0	0	40	50	1	114	114	0	Annealer(temp=1000.0,cooling=0.2,neighbor=SingleBitFlipper,its=20.029471813027506)
40	50	5730	5730	2.865	2.865	40	40	40	0	0	40	50	1	115	115	0	Annealer(temp=1000.0,cooling=0.3,neighbor=SingleBitFlipper,its=26.774850051504778)
40	50	5972	5972	2.986	2.986	40	40	40	0	0	40	50	1	119	119	0	Annealer(temp=1000.0,cooling=0.4,neighbor=SingleBitFlipper,its=35.181182326248845)
40	50	5945	5945	2.9725	2.9725	40	40	40	0	0	40	50	1	119	119	0	Annealer(temp=1000.0,cooling=0.5,neighbor=SingleBitFlipper,its=46.50699332842308)
40	50	6226	6226	3.113	3.113	40	40	40	0	0	40	50	1	125	125	0	Annealer(temp=1000.0,cooling=0.6,neighbor=SingleBitFlipper,its=63.106057727213866)
40	50	6541	6541	3.2705	3.2705	40	40	40	0	0	40	50	1	131	131	0	Annealer(temp=1000.0,cooling=0.7,neighbor=SingleBitFlipper,its=90.37974730138035)
40	50	6622	6622	3.311	3.311	40	40	40	0	0	40	50	1	132	132	0	Annealer(temp=1000.0,cooling=0.8,neighbor=SingleBitFlipper,its=144.4639162192264)
40	50	8983	8983	4.4915	4.4915	40	40	40	0	0	40	50	1	180	180	0	Annealer(temp=1000.0,cooling=0.9,neighbor=SingleBitFlipper,its=305.96083457495973)
40	50	56251	56251	28.1255	28.1255	40	40	40	0	0	40	50	1	1125	1125	0	Annealer(temp=1000.0,cooling=0.99,neighbor=SingleBitFlipper,its=3207.4740358737195)
40	50	72700	72700	36.35	36.35	40	40	40	0	0	40	50	1	1454	1454	0	Evolver(size=100,keep=50,breeder=UniformCrossover,toMutate=10,mutator=SingleBitMutator)
40	53	133600	130600	63.108172	61.691072	39	39.9	40	0.2	0	40	50	0.9434	2672	2612	0	Evolver(size=100,keep=50,breeder=SingleCrossover,toMutate=10,mutator=SingleBitMutator)
40	50	78000	78000	39	39	40	40	40	0	0	40	50	1	1560	1560	0	Evolver(size=200,keep=50,breeder=UniformCrossover,toMutate=10,mutator=SingleBitMutator)
40	50	118400	118400	59.2	59.2	40	40	40	0	0	40	50	1	2368	2368	0	Evolver(size=200,keep=50,breeder=SingleCrossover,toMutate=10,mutator=SingleBitMutator)
40	50	195400	195400	97.7	97.7	40	40	40	0	0	40	50	1	3908	3908	0	Evolver(size=200,keep=100,breeder=SingleCrossover,toMutate=10,mutator=SingleBitMutator)
40	50	126200	126200	63.1	63.1	40	40	40	0	0	40	50	1	2524	2524	0	Evolver(size=200,keep=100,breeder=UniformCrossover,toMutate=10,mutator=SingleBitMutator)
40	50	143200	143200	71.6	71.6	40	40	40	0	0.02	40	50	1	2864	2864	0	Evolver(size=400,keep=100,breeder=UniformCrossover,toMutate=10,mutator=SingleBitMutator)
40	50	207200	207200	103.6	103.6	40	40	40	0	0.02	40	50	1	4144	4144	0	Evolver(size=400,keep=100,breeder=SingleCrossover,toMutate=10,mutator=SingleBitMutator)
40	50	238800	238800	119.4	119.4	40	40	40	0	0.02	40	50	1	4776	4776	0	Evolver(size=400,keep=200,breeder=UniformCrossover,toMutate=10,mutator=SingleBitMutator)
40	50	350400	350400	175.2	175.2	40	40	40	0	0.04	40	50	1	7008	7008	0	Evolver(size=400,keep=200,breeder=SingleCrossover,toMutate=10,mutator=SingleBitMutator)
40	50	145524	145524	72.762	72.762	40	40	40	0	0.08	40	50	1	2910	2910	0.1	Mimicker(size=200,keep=2)
40	50	336876	336876	168.438	168.438	40	40	40	0	0.18	40	50	1	6738	6738	0.2	Mimicker(size=200,keep=4)
40	51	550338	530238	269.905836	260.048063	39	40	40	0.1	0.24	40	50	0.9804	11007	10605	0.2	Mimicker(size=200,keep=6)
40	50	187668	187668	93.834	93.834	40	40	40	0	0.06	40	50	1	3753	3753	0.1	Mimicker(size=400,keep=2)
40	50	299547	299547	149.7735	149.7735	40	40	40	0	0.1	40	50	1	5991	5991	0.1	Mimicker(size=400,keep=4)
40	50	585059	585059	292.5295	292.5295	40	40	40	0	0.22	40	50	1	11701	11701	0.2	Mimicker(size=400,keep=6)
40	50	150348	150348	75.174	75.174	40	40	40	0	0.02	40	50	1	3007	3007	0	Mimicker(size=200,keep=1)
50	50	7033	7033	2.8132	2.8132	50	50	50	0	0	50	50	1	141	141	0	HillClimber(neighbor=SingleBitFlipper)
50	50	7853	7853	3.1412	3.1412	50	50	50	0	0	50	50	1	157	157	0	Annealer(temp=1000.0,cooling=0.1,neighbor=SingleBitFlipper,its=14.000000000000002)
50	50	7712	7712	3.0848	3.0848	50	50	50	0	0	50	50	1	154	154	0	Annealer(temp=1000.0,cooling=0.2,neighbor=SingleBitFlipper,its=20.029471813027506)
50	50	7417	7417	2.9668	2.9668	50	50	50	0	0	50	50	1	148	148	0	Annealer(temp=1000.0,cooling=0.3,neighbor=SingleBitFlipper,its=26.774850051504778)
50	50	7559	7559	3.0236	3.0236	50	50	50	0	0	50	50	1	151	151	0	Annealer(temp=1000.0,cooling=0.4,neighbor=SingleBitFlipper,its=35.181182326248845)
50	50	7429	7429	2.9716	2.9716	50	50	50	0	0	50	50	1	149	149	0	Annealer(temp=1000.0,cooling=0.5,neighbor=SingleBitFlipper,its=46.50699332842308)
50	50	7745	7745	3.098	3.098	50	50	50	0	0	50	50	1	155	155	0	Annealer(temp=1000.0,cooling=0.6,neighbor=SingleBitFlipper,its=63.106057727213866)
50	50	8457	8457	3.3828	3.3828	50	50	50	0	0	50	50	1	169	169	0	Annealer(temp=1000.0,cooling=0.7,neighbor=SingleBitFlipper,its=90.37974730138035)
50	50	8772	8772	3.5088	3.5088	50	50	50	0	0	50	50	1	175	175	0	Annealer(temp=1000.0,cooling=0.8,neighbor=SingleBitFlipper,its=144.4639162192264)
50	50	10408	10408	4.1632	4.1632	50	50	50	0	0	50	50	1	208	208	0	Annealer(temp=1000.0,cooling=0.9,neighbor=SingleBitFlipper,its=305.96083457495973)
50	50	60508	60508	24.2032	24.2032	50	50	50	0	0	50	50	1	1210	1210	0	Annealer(temp=1000.0,cooling=0.99,neighbor=SingleBitFlipper,its=3207.4740358737195)
50	50	85800	85800	34.32	34.32	50	50	50	0	0	50	50	1	1716	1716	0	Evolver(size=100,keep=50,breeder=UniformCrossover,toMutate=10,mutator=SingleBitMutator)
50	56	177900	171500	63.672155	61.381532	49	49.9	50	0.3	0	50	50	0.8929	3558	3430	0	Evolver(size=100,keep=50,breeder=SingleCrossover,toMutate=10,mutator=SingleBitMutator)
50	50	91800	91800	36.72	36.72	50	50	50	0	0	50	50	1	1836	1836	0	Evolver(size=200,keep=50,breeder=UniformCrossover,toMutate=10,mutator=SingleBitMutator)
50	50	149800	149800	59.92	59.92	50	50	50	0	0	50	50	1	2996	2996	0	Evolver(size=200,keep=50,breeder=SingleCrossover,toMutate=10,mutator=SingleBitMutator)
50	50	252600	252600	101.04	101.04	50	50	50	0	0.02	50	50	1	5052	5052	0	Evolver(size=200,keep=100,breeder=SingleCrossover,toMutate=10,mutator=SingleBitMutator)
50	50	151400	151400	60.56	60.56	50	50	50	0	0	50	50	1	3028	3028	0	Evolver(size=200,keep=100,breeder=UniformCrossover,toMutate=10,mutator=SingleBitMutator)
50	50	170400	170400	68.16	68.16	50	50	50	0	0.02	50	50	1	3408	3408	0	Evolver(size=400,keep=100,breeder=UniformCrossover,toMutate=10,mutator=SingleBitMutator)
50	50	249600	249600	99.84	99.84	50	50	50	0	0.02	50	50	1	4992	4992	0	Evolver(size=400,keep=100,breeder=SingleCrossover,toMutate=10,mutator=SingleBitMutator)
50	50	287200	287200	114.88	114.88	50	50	50	0	0.02	50	50	1	5744	5744	0	Evolver(size=400,keep=200,breeder=UniformCrossover,toMutate=10,mutator=SingleBitMutator)
50	50	450800	450800	180.32	180.32	50	50	50	0	0.04	50	50	1	9016	9016	0	Evolver(size=400,keep=200,breeder=SingleCrossover,toMutate=10,mutator=SingleBitMutator)
50	50	229542	229542	91.8168	91.8168	50	50	50	0	0.14	50	50	1	4591	4591	0.1	Mimicker(size=200,keep=2)
50	51	487626	467526	191.300902	183.415457	49	50	50	0.1	0.33	50	50	0.9804	9753	9351	0.3	Mimicker(size=200,keep=4)
50	54	635361	554961	235.668027	205.846068	49	49.9	50	0.3	0.35	50	50	0.9259	12707	11099	0.4	Mimicker(size=200,keep=6)
50	50	246615	246615	98.646	98.646	50	50	50	0	0.14	50	50	1	4932	4932	0.1	Mimicker(size=400,keep=2)
50	51	456739	416639	179.183601	163.451942	49	50	50	0.1	0.27	50	50	0.9804	9135	8333	0.3	Mimicker(size=400,keep=4)
50	51	722602	682502	283.484504	267.752844	49	50	50	0.1	0.43	50	50	0.9804	14452	13650	0.4	Mimicker(size=400,keep=6)
50	50	222708	222708	89.0832	89.0832	50	50	50	0	0.02	50	50	1	4454	4454	0	Mimicker(size=200,keep=1)
60	50	9308	9308	3.102667	3.102667	60	60	60	0	0	60	50	1	186	186	0	HillClimber(neighbor=SingleBitFlipper)
60	50	9452	9452	3.150667	3.150667	60	60	60	0	0	60	50	1	189	189	0	Annealer(temp=1000.0,cooling=0.1,neighbor=SingleBitFlipper,its=14.000000000000002)
60	50	9394	9394	3.131333	3.131333	60	60	60	0	0	60	50	1	188	188	0	Annealer(temp=1000.0,cooling=0.2,neighbor=SingleBitFlipper,its=20.029471813027506)
60	50	9745	9745	3.248333	3.248333	60	60	60	0	0	60	50	1	195	195	0	Annealer(temp=1000.0,cooling=0.3,neighbor=SingleBitFlipper,its=26.774850051504778)
60	50	9378	9378	3.126	3.126	60	60	60	0	0	60	50	1	188	188	0	Annealer(temp=1000.0,cooling=0.4,neighbor=SingleBitFlipper,its=35.181182326248845)
60	50	9861	9861	3.287	3.287	60	60	60	0	0	60	50	1	197	197	0	Annealer(temp=1000.0,cooling=0.5,neighbor=SingleBitFlipper,its=46.50699332842308)
60	50	9916	9916	3.305333	3.305333	60	60	60	0	0	60	50	1	198	198	0	Annealer(temp=1000.0,cooling=0.6,neighbor=SingleBitFlipper,its=63.106057727213866)
60	50	10225	10225	3.408333	3.408333	60	60	60	0	0	60	50	1	205	205	0	Annealer(temp=1000.0,cooling=0.7,neighbor=SingleBitFlipper,its=90.37974730138035)
60	50	11039	11039	3.679667	3.679667	60	60	60	0	0	60	50	1	221	221	0	Annealer(temp=1000.0,cooling=0.8,neighbor=SingleBitFlipper,its=144.4639162192264)
60	50	12505	12505	4.168333	4.168333	60	60	60	0	0	60	50	1	250	250	0	Annealer(temp=1000.0,cooling=0.9,neighbor=SingleBitFlipper,its=305.96083457495973)
60	50	64139	64139	21.379667	21.379667	60	60	60	0	0	60	50	1	1283	1283	0	Annealer(temp=1000.0,cooling=0.99,neighbor=SingleBitFlipper,its=3207.4740358737195)
60	50	97600	97600	32.533333	32.533333	60	60	60	0	0	60	50	1	1952	1952	0	Evolver(size=100,keep=50,breeder=UniformCrossover,toMutate=10,mutator=SingleBitMutator)
60	60	235000	225000	65.477849	62.691558	58	59.8	60	0.4	0.02	60	50	0.8333	4700	4500	0	Evolver(size=100,keep=50,breeder=SingleCrossover,toMutate=10,mutator=SingleBitMutator)
60	50	104000	104000	34.666667	34.666667	60	60	60	0	0.02	60	50	1	2080	2080	0	Evolver(size=200,keep=50,breeder=UniformCrossover,toMutate=10,mutator=SingleBitMutator)
60	54	213600	205600	66.007417	63.535229	59	59.9	60	0.3	0.02	60	50	0.9259	4272	4112	0	Evolver(size=200,keep=50,breeder=SingleCrossover,toMutate=10,mutator=SingleBitMutator)
60	54	354800	346800	109.641533	107.169345	59	59.9	60	0.3	0.04	60	50	0.9259	7096	6936	0	Evolver(size=200,keep=100,breeder=SingleCrossover,toMutate=10,mutator=SingleBitMutator)
60	50	175600	175600	58.533333	58.533333	60	60	60	0	0.02	60	50	1	3512	3512	0	Evolver(size=200,keep=100,breeder=UniformCrossover,toMutate=10,mutator=SingleBitMutator)
60	50	196400	196400	65.466667	65.466667	60	60	60	0	0.04	60	50	1	3928	3928	0	Evolver(size=400,keep=100,breeder=UniformCrossover,toMutate=10,mutator=SingleBitMutator)
60	51	314400	310400	102.778686	101.471069	59	60	60	0.1	0.02	60	50	0.9804	6288	6208	0	Evolver(size=400,keep=100,breeder=SingleCrossover,toMutate=10,mutator=SingleBitMutator)
60	50	333200	333200	111.066667	111.066667	60	60	60	0	0.04	60	50	1	6664	6664	0	Evolver(size=400,keep=200,breeder=UniformCrossover,toMutate=10,mutator=SingleBitMutator)
60	50	529600	529600	176.533333	176.533333	60	60	60	0	0.04	60	50	1	10592	10592	0	Evolver(size=400,keep=200,breeder=SingleCrossover,toMutate=10,mutator=SingleBitMutator)
60	50	277983	277983	92.661	92.661	60	60	60	0	0.2	60	50	1	5560	5560	0.2	Mimicker(size=200,keep=2)
60	51	538881	518781	176.162471	169.591697	59	60	60	0.1	0.45	60	50	0.9804	10778	10376	0.5	Mimicker(size=200,keep=4)
60	53	720786	660486	226.876298	207.896128	59	59.9	60	0.2	0.58	60	50	0.9434	14416	13210	0.6	Mimicker(size=200,keep=6)
60	50	322003	322003	107.334333	107.334333	60	60	60	0	0.2	60	50	1	6440	6440	0.2	Mimicker(size=400,keep=2)
60	50	496839	496839	165.613	165.613	60	60	60	0	0.36	60	50	1	9937	9937	0.4	Mimicker(size=400,keep=4)
60	51	688517	648417	225.079111	211.970252	59	60	60	0.1	0.39	60	50	0.9804	13770	12968	0.4	Mimicker(size=400,keep=6)
60	50	339690	339690	113.23	113.23	60	60	60	0	0.06	60	50	1	6794	6794	0.1	Mimicker(size=200,keep=1)
70	50	11173	11173	3.192286	3.192286	70	70	70	0	0	70	50	1	223	223	0	HillClimber(neighbor=SingleBitFlipper)
70	50	11637	11637	3.324857	3.324857	70	70	70	0	0	70	50	1	233	233	0	Annealer(temp=1000.0,cooling=0.1,neighbor=SingleBitFlipper,its=14.000000000000002)
70	50	11761	11761	3.360286	3.360286	70	70	70	0	0	70	50	1	235	235	0	Annealer(temp=1000.0,cooling=0.2,neighbor=SingleBitFlipper,its=20.029471813027506)
70	50	11634	11634	3.324	3.324	70	70	70	0	0	70	50	1	233	233	0	Annealer(temp=1000.0,cooling=0.3,neighbor=SingleBitFlipper,its=26.774850051504778)
70	50	11113	11113	3.175143	3.175143	70	70	70	0	0	70	50	1	222	222	0	Annealer(temp=1000.0,cooling=0.4,neighbor=SingleBitFlipper,its=35.181182326248845)
70	50	11876	11876	3.393143	3.393143	70	70	70	0	0	70	50	1	238	238	0	Annealer(temp=1000.0,cooling=0.5,neighbor=SingleBitFlipper,its=46.50699332842308)
70	50	11919	11919	3.405429	3.405429	70	70	70	0	0	70	50	1	238	238	0	Annealer(temp=1000.0,cooling=0.6,neighbor=SingleBitFlipper,its=63.106057727213866)
70	50	12472	12472	3.563429	3.563429	70	70	70	0	0	70	50	1	249	249	0	Annealer(temp=1000.0,cooling=0.7,neighbor=SingleBitFlipper,its=90.37974730138035)
70	50	12878	12878	3.679429	3.679429	70	70	70	0	0	70	50	1	258	258	0	Annealer(temp=1000.0,cooling=0.8,neighbor=SingleBitFlipper,its=144.4639162192264)
70	50	14326	14326	4.093143	4.093143	70	70	70	0	0	70	50	1	287	287	0	Annealer(temp=1000.0,cooling=0.9,neighbor=SingleBitFlipper,its=305.96083457495973)
70	50	66439	66439	18.982571	18.982571	70	70	70	0	0	70	50	1	1329	1329	0	Annealer(temp=1000.0,cooling=0.99,neighbor=SingleBitFlipper,its=3207.4740358737195)
70	50	113400	113400	32.4	32.4	70	70	70	0	0.02	70	50	1	2268	2268	0	Evolver(size=100,keep=50,breeder=UniformCrossover,toMutate=10,mutator=SingleBitMutator)
70	60	280000	270000	66.937605	64.546976	67	69.7	70	0.7	0.02	70	50	0.8333	5600	5400	0	Evolver(size=100,keep=50,breeder=SingleCrossover,toMutate=10,mutator=SingleBitMutator)
70	50	114200	114200	32.628571	32.628571	70	70	70	0	0.02	70	50	1	2284	2284	0	Evolver(size=200,keep=50,breeder=UniformCrossover,toMutate=10,mutator=SingleBitMutator)
70	57	283000	269000	71.051971	67.537032	69	69.9	70	0.3	0.04	70	50	0.8772	5660	5380	0	Evolver(size=200,keep=50,breeder=SingleCrossover,toMutate=10,mutator=SingleBitMutator)
70	54	415800	407800	110.116525	107.997881	69	69.9	70	0.3	0.04	70	50	0.9259	8316	8156	0	Evolver(size=200,keep=100,breeder=SingleCrossover,toMutate=10,mutator=SingleBitMutator)
70	50	199400	199400	56.971429	56.971429	70	70	70	0	0.02	70	50	1	3988	3988	0	Evolver(size=200,keep=100,breeder=UniformCrossover,toMutate=10,mutator=SingleBitMutator)
70	50	218000	218000	62.285714	62.285714	70	70	70	0	0.04	70	50	1	4360	4360	0	Evolver(size=400,keep=100,breeder=UniformCrossover,toMutate=10,mutator=SingleBitMutator)
70	50	362800	362800	103.657143	103.657143	70	70	70	0	0.04	70	50	1	7256	7256	0	Evolver(size=400,keep=100,breeder=SingleCrossover,toMutate=10,mutator=SingleBitMutator)
70	50	370400	370400	105.828571	105.828571	70	70	70	0	0.04	70	50	1	7408	7408	0	Evolver(size=400,keep=200,breeder=UniformCrossover,toMutate=10,mutator=SingleBitMutator)
70	52	654800	646800	179.989005	177.789995	69	70	70	0.2	0.06	70	50	0.9615	13096	12936	0.1	Evolver(size=400,keep=200,breeder=SingleCrossover,toMutate=10,mutator=SingleBitMutator)
70	51	437376	417276	122.548613	116.916783	69	70	70	0.1	0.43	70	50	0.9804	8748	8346	0.4	Mimicker(size=200,keep=2)
70	51	526821	506721	147.610255	141.978425	69	70	70	0.1	0.41	70	50	0.9804	10536	10134	0.4	Mimicker(size=200,keep=4)
70	52	688425	648225	189.231721	178.181693	69	70	70	0.2	0.63	70	50	0.9615	13769	12965	0.7	Mimicker(size=200,keep=6)
70	50	392178	392178	112.050857	112.050857	70	70	70	0	0.34	70	50	1	7844	7844	0.3	Mimicker(size=400,keep=2)
70	50	536939	536939	153.411143	153.411143	70	70	70	0	0.4	70	50	1	10739	10739	0.4	Mimicker(size=400,keep=4)
70	51	919894	879794	257.745587	246.509947	69	70	70	0.1	0.78	70	50	0.9804	18398	17596	0.8	Mimicker(size=400,keep=6)
70	53	549132	488832	148.133801	131.867278	69	69.9	70	0.2	0.11	70	50	0.9434	10983	9777	0.1	Mimicker(size=200,keep=1)
80	50	13510	13510	3.3775	3.3775	80	80	80	0	0	80	50	1	270	270	0	HillClimber(neighbor=SingleBitFlipper)
80	50	13664	13664	3.416	3.416	80	80	80	0	0	80	50	1	273	273	0	Annealer(temp=1000.0,cooling=0.1,neighbor=SingleBitFlipper,its=14.000000000000002)
80	50	12955	12955	3.23875	3.23875	80	80	80	0	0	80	50	1	259	259	0	Annealer(temp=1000.0,cooling=0.2,neighbor=SingleBitFlipper,its=20.029471813027506)
80	50	13477	13477	3.36925	3.36925	80	80	80	0	0	80	50	1	270	270	0	Annealer(temp=1000.0,cooling=0.3,neighbor=SingleBitFlipper,its=26.774850051504778)
80	50	13889	13889	3.47225	3.47225	80	80	80	0	0	80	50	1	278	278	0	Annealer(temp=1000.0,cooling=0.4,neighbor=SingleBitFlipper,its=35.181182326248845)
80	50	14426	14426	3.6065	3.6065	80	80	80	0	0	80	50	1	289	289	0	Annealer(temp=1000.0,cooling=0.5,neighbor=SingleBitFlipper,its=46.50699332842308)
80	50	13898	13898	3.4745	3.4745	80	80	80	0	0	80	50	1	278	278	0	Annealer(temp=1000.0,cooling=0.6,neighbor=SingleBitFlipper,its=63.106057727213866)
80	50	14460	14460	3.615	3.615	80	80	80	0	0	80	50	1	289	289	0	Annealer(temp=1000.0,cooling=0.7,neighbor=SingleBitFlipper,its=90.37974730138035)
80	50	15284	15284	3.821	3.821	80	80	80	0	0	80	50	1	306	306	0	Annealer(temp=1000.0,cooling=0.8,neighbor=SingleBitFlipper,its=144.4639162192264)
80	50	16398	16398	4.0995	4.0995	80	80	80	0	0	80	50	1	328	328	0	Annealer(temp=1000.0,cooling=0.9,neighbor=SingleBitFlipper,its=305.96083457495973)
80	50	68723	68723	17.18075	17.18075	80	80	80	0	0	80	50	1	1374	1374	0	Annealer(temp=1000.0,cooling=0.99,neighbor=SingleBitFlipper,its=3207.4740358737195)
80	52	131800	129800	31.697932	31.216931	79	80	80	0.2	0.02	80	50	0.9615	2636	2596	0	Evolver(size=100,keep=50,breeder=UniformCrossover,toMutate=10,mutator=SingleBitMutator)
80	65	357500	342500	69.02877	66.132458	77	79.7	80	0.7	0.02	80	50	0.7692	7150	6850	0	Evolver(size=100,keep=50,breeder=SingleCrossover,toMutate=10,mutator=SingleBitMutator)
80	50	125400	125400	31.35	31.35	80	80	80	0	0.02	80	50	1	2508	2508	0	Evolver(size=200,keep=50,breeder=UniformCrossover,toMutate=10,mutator=SingleBitMutator)
80	68	406000	369400	74.893931	68.142409	78	79.7	80	0.5	0.03	80	50	0.7353	8120	7388	0	Evolver(size=200,keep=50,breeder=SingleCrossover,toMutate=10,mutator=SingleBitMutator)
80	59	524200	506200	111.271492	107.450647	79	79.8	80	0.4	0.03	80	50	0.8475	10484	10124	0	Evolver(size=200,keep=100,breeder=SingleCrossover,toMutate=10,mutator=SingleBitMutator)
80	50	215000	215000	53.75	53.75	80	80	80	0	0.04	80	50	1	4300	4300	0	Evolver(size=200,keep=100,breeder=UniformCrossover,toMutate=10,mutator=SingleBitMutator)
80	50	236400	236400	59.1	59.1	80	80	80	0	0.04	80	50	1	4728	4728	0	Evolver(size=400,keep=100,breeder=UniformCrossover,toMutate=10,mutator=SingleBitMutator)
80	52	447600	439600	107.647908	105.723906	79	80	80	0.2	0.04	80	50	0.9615	8952	8792	0	Evolver(size=400,keep=100,breeder=SingleCrossover,toMutate=10,mutator=SingleBitMutator)
80	50	414800	414800	103.7	103.7	80	80	80	0	0.06	80	50	1	8296	8296	0.1	Evolver(size=400,keep=200,breeder=UniformCrossover,toMutate=10,mutator=SingleBitMutator)
80	50	720000	720000	180	180	80	80	80	0	0.06	80	50	1	14400	14400	0.1	Evolver(size=400,keep=200,breeder=SingleCrossover,toMutate=10,mutator=SingleBitMutator)
80	50	506721	506721	126.68025	126.68025	80	80	80	0	0.58	80	50	1	10134	10134	0.6	Mimicker(size=200,keep=2)
80	52	588729	548529	141.589466	131.921356	79	80	80	0.2	0.63	80	50	0.9615	11775	10971	0.7	Mimicker(size=200,keep=4)
80	52	686013	645813	164.986291	155.318182	79	80	80	0.2	0.75	80	50	0.9615	13720	12916	0.8	Mimicker(size=200,keep=6)
80	50	500047	500047	125.01175	125.01175	80	80	80	0	0.44	80	50	1	10001	10001	0.4	Mimicker(size=400,keep=2)
80	50	810020	810020	202.505	202.505	80	80	80	0	0.9	80	50	1	16200	16200	0.9	Mimicker(size=400,keep=4)
80	51	1111973	1071873	272.609218	262.778377	79	80	80	0.1	0.94	80	50	0.9804	22239	21437	1	Mimicker(size=400,keep=6)
80	53	766815	706515	180.980647	166.748879	79	79.9	80	0.2	0.19	80	50	0.9434	15336	14130	0.2	Mimicker(size=200,keep=1)
90	50	16119	16119	3.582	3.582	90	90	90	0	0	90	50	1	322	322	0	HillClimber(neighbor=SingleBitFlipper)
90	50	15573	15573	3.460667	3.460667	90	90	90	0	0	90	50	1	311	311	0	Annealer(temp=1000.0,cooling=0.1,neighbor=SingleBitFlipper,its=14.000000000000002)
90	50	15917	15917	3.537111	3.537111	90	90	90	0	0	90	50	1	318	318	0	Annealer(temp=1000.0,cooling=0.2,neighbor=SingleBitFlipper,its=20.029471813027506)
90	50	16558	16558	3.679556	3.679556	90	90	90	0	0	90	50	1	331	331	0	Annealer(temp=1000.0,cooling=0.3,neighbor=SingleBitFlipper,its=26.774850051504778)
90	50	15332	15332	3.407111	3.407111	90	90	90	0	0	90	50	1	307	307	0	Annealer(temp=1000.0,cooling=0.4,neighbor=SingleBitFlipper,its=35.181182326248845)
90	50	16660	16660	3.702222	3.702222	90	90	90	0	0	90	50	1	333	333	0	Annealer(temp=1000.0,cooling=0.5,neighbor=SingleBitFlipper,its=46.50699332842308)
90	50	16330	16330	3.628889	3.628889	90	90	90	0	0	90	50	1	327	327	0	Annealer(temp=1000.0,cooling=0.6,neighbor=SingleBitFlipper,its=63.106057727213866)
90	50	16240	16240	3.608889	3.608889	90	90	90	0	0	90	50	1	325	325	0	Annealer(temp=1000.0,cooling=0.7,neighbor=SingleBitFlipper,its=90.37974730138035)
90	50	16943	16943	3.765111	3.765111	90	90	90	0	0	90	50	1	339	339	0	Annealer(temp=1000.0,cooling=0.8,neighbor=SingleBitFlipper,its=144.4639162192264)
90	50	19295	19295	4.287778	4.287778	90	90	90	0	0	90	50	1	386	386	0	Annealer(temp=1000.0,cooling=0.9,neighbor=SingleBitFlipper,its=305.96083457495973)
90	50	72705	72705	16.156667	16.156667	90	90	90	0	0	90	50	1	1454	1454	0	Annealer(temp=1000.0,cooling=0.99,neighbor=SingleBitFlipper,its=3207.4740358737195)
90	53	151200	148200	31.718062	31.088735	89	89.9	90	0.2	0.02	90	50	0.9434	3024	2964	0	Evolver(size=100,keep=50,breeder=UniformCrossover,toMutate=10,mutator=SingleBitMutator)
90	85	537000	499700	70.667193	65.758652	85	89.4	90	0.9	0.04	90	50	0.5882	10740	9994	0.1	Evolver(size=100,keep=50,breeder=SingleCrossover,toMutate=10,mutator=SingleBitMutator)
90	50	134600	134600	29.911111	29.911111	90	90	90	0	0.02	90	50	1	2692	2692	0	Evolver(size=200,keep=50,breeder=UniformCrossover,toMutate=10,mutator=SingleBitMutator)
90	63	416400	390400	73.660004	69.060676	88	89.7	90	0.6	0.03	90	50	0.7937	8328	7808	0	Evolver(size=200,keep=50,breeder=SingleCrossover,toMutate=10,mutator=SingleBitMutator)
90	72	743400	699400	115.202232	108.383698	87	89.6	90	0.6	0.06	90	50	0.6944	14868	13988	0.1	Evolver(size=200,keep=100,breeder=SingleCrossover,toMutate=10,mutator=SingleBitMutator)
90	50	238800	238800	53.066667	53.066667	90	90	90	0	0.04	90	50	1	4776	4776	0	Evolver(size=200,keep=100,breeder=UniformCrossover,toMutate=10,mutator=SingleBitMutator)
90	50	258800	258800	57.511111	57.511111	90	90	90	0	0.06	90	50	1	5176	5176	0.1	Evolver(size=400,keep=100,breeder=UniformCrossover,toMutate=10,mutator=SingleBitMutator)
90	55	536800	516800	108.576052	104.530744	88	89.9	90	0.4	0.09	90	50	0.9091	10736	10336	0.1	Evolver(size=400,keep=100,breeder=SingleCrossover,toMutate=10,mutator=SingleBitMutator)
90	50	446800	446800	99.288889	99.288889	90	90	90	0	0.1	90	50	1	8936	8936	0.1	Evolver(size=400,keep=200,breeder=UniformCrossover,toMutate=10,mutator=SingleBitMutator)
90	52	846800	838800	181.017529	179.307396	89	90	90	0.2	0.12	90	50	0.9615	16936	16776	0.1	Evolver(size=400,keep=200,breeder=SingleCrossover,toMutate=10,mutator=SingleBitMutator)
90	50	607422	607422	134.982667	134.982667	90	90	90	0	0.78	90	50	1	12148	12148	0.8	Mimicker(size=200,keep=2)
90	53	768825	708525	161.28068	148.631215	89	89.9	90	0.2	0.89	90	50	0.9434	15377	14171	0.9	Mimicker(size=200,keep=4)
90	51	762192	742092	166.091087	161.711048	89	90	90	0.1	0.96	90	50	0.9804	15244	14842	1	Mimicker(size=200,keep=6)
90	50	716587	716587	159.241556	159.241556	90	90	90	0	0.72	90	50	1	14332	14332	0.7	Mimicker(size=400,keep=2)
90	50	824055	824055	183.123333	183.123333	90	90	90	0	0.8	90	50	1	16481	16481	0.8	Mimicker(size=400,keep=4)
90	52	1114780	1034580	238.302693	221.158615	89	90	90	0.2	1.12	90	50	0.9615	22296	20692	1.2	Mimicker(size=400,keep=6)
90	124	3767343	2279943	340.135699	205.845341	88	89.3	90	0.6	0.53	90	50	0.4032	75347	45599	1.3	Mimicker(size=200,keep=1)
100	50	18431	18431	3.6862	3.6862	100	100	100	0	0	100	50	1	369	369	0	HillClimber(neighbor=SingleBitFlipper)
100	50	18110	18110	3.622	3.622	100	100	100	0	0	100	50	1	362	362	0	Annealer(temp=1000.0,cooling=0.1,neighbor=SingleBitFlipper,its=14.000000000000002)
100	50	17267	17267	3.4534	3.4534	100	100	100	0	0	100	50	1	345	345	0	Annealer(temp=1000.0,cooling=0.2,neighbor=SingleBitFlipper,its=20.029471813027506)
100	50	17852	17852	3.5704	3.5704	100	100	100	0	0	100	50	1	357	357	0	Annealer(temp=1000.0,cooling=0.3,neighbor=SingleBitFlipper,its=26.774850051504778)
100	50	18623	18623	3.7246	3.7246	100	100	100	0	0	100	50	1	372	372	0	Annealer(temp=1000.0,cooling=0.4,neighbor=SingleBitFlipper,its=35.181182326248845)
100	50	18278	18278	3.6556	3.6556	100	100	100	0	0	100	50	1	366	366	0	Annealer(temp=1000.0,cooling=0.5,neighbor=SingleBitFlipper,its=46.50699332842308)
100	50	18688	18688	3.7376	3.7376	100	100	100	0	0	100	50	1	374	374	0	Annealer(temp=1000.0,cooling=0.6,neighbor=SingleBitFlipper,its=63.106057727213866)
100	50	18794	18794	3.7588	3.7588	100	100	100	0	0	100	50	1	376	376	0	Annealer(temp=1000.0,cooling=0.7,neighbor=SingleBitFlipper,its=90.37974730138035)
100	50	19967	19967	3.9934	3.9934	100	100	100	0	0	100	50	1	399	399	0	Annealer(temp=1000.0,cooling=0.8,neighbor=SingleBitFlipper,its=144.4639162192264)
100	50	21080	21080	4.216	4.216	100	100	100	0	0	100	50	1	422	422	0	Annealer(temp=1000.0,cooling=0.9,neighbor=SingleBitFlipper,its=305.96083457495973)
100	50	74011	74011	14.8022	14.8022	100	100	100	0	0	100	50	1	1480	1480	0	Annealer(temp=1000.0,cooling=0.99,neighbor=SingleBitFlipper,its=3207.4740358737195)
100	52	153100	151100	29.453636	29.068873	99	100	100	0.2	0.02	100	50	0.9615	3062	3022	0	Evolver(size=100,keep=50,breeder=UniformCrossover,toMutate=10,mutator=SingleBitMutator)
100	122	879600	805600	72.838688	66.710831	92	99	100	1.3	0.03	100	50	0.4098	17592	16112	0.1	Evolver(size=100,keep=50,breeder=SingleCrossover,toMutate=10,mutator=SingleBitMutator)
100	50	147000	147000	29.4	29.4	100	100	100	0	0.02	100	50	1	2940	2940	0	Evolver(size=200,keep=50,breeder=UniformCrossover,toMutate=10,mutator=SingleBitMutator)
100	72	568800	524800	79.330544	73.193863	97	99.6	100	0.7	0.04	100	50	0.6944	11376	10496	0.1	Evolver(size=200,keep=50,breeder=SingleCrossover,toMutate=10,mutator=SingleBitMutator)
100	72	847000	800200	118.04878	111.526132	98	99.7	100	0.6	0.06	100	50	0.6944	16940	16004	0.1	Evolver(size=200,keep=100,breeder=SingleCrossover,toMutate=10,mutator=SingleBitMutator)
100	50	256400	256400	51.28	51.28	100	100	100	0	0.04	100	50	1	5128	5128	0	Evolver(size=200,keep=100,breeder=UniformCrossover,toMutate=10,mutator=SingleBitMutator)
100	50	277200	277200	55.44	55.44	100	100	100	0	0.06	100	50	1	5544	5544	0.1	Evolver(size=400,keep=100,breeder=UniformCrossover,toMutate=10,mutator=SingleBitMutator)
100	57	666400	638400	117.056034	112.137713	99	99.9	100	0.3	0.07	100	50	0.8772	13328	12768	0.1	Evolver(size=400,keep=100,breeder=SingleCrossover,toMutate=10,mutator=SingleBitMutator)
100	50	477600	477600	95.52	95.52	100	100	100	0	0.08	100	50	1	9552	9552	0.1	Evolver(size=400,keep=200,breeder=UniformCrossover,toMutate=10,mutator=SingleBitMutator)
100	57	1070000	1042000	187.983134	183.063949	98	99.9	100	0.4	0.11	100	50	0.8772	21400	20840	0.1	Evolver(size=400,keep=200,breeder=SingleCrossover,toMutate=10,mutator=SingleBitMutator)
100	52	712143	671943	137.00327	129.269527	99	100	100	0.2	1.15	100	50	0.9615	14243	13439	1.2	Mimicker(size=200,keep=2)
100	52	755358	715158	145.317045	137.583301	99	100	100	0.2	1.1	100	50	0.9615	15107	14303	1.1	Mimicker(size=200,keep=4)
100	52	801186	760986	154.133513	146.399769	99	100	100	0.2	1.15	100	50	0.9615	16024	15220	1.2	Mimicker(size=200,keep=6)
100	52	896636	816436	172.496345	157.067334	99	100	100	0.2	1.02	100	50	0.9615	17933	16329	1.1	Mimicker(size=400,keep=2)
100	50	911473	911473	182.2946	182.2946	100	100	100	0	1.16	100	50	1	18229	18229	1.2	Mimicker(size=400,keep=4)
100	51	1199391	1159291	235.220828	227.35654	99	100	100	0.1	0.78	100	50	0.9804	23988	23186	0.8	Mimicker(size=400,keep=6)
100	2389	89930817	42916917	384.770274	183.620637	95	97.8	100	0.9	0.76	100	50	0.0209	1798616	858338	36.5	Mimicker(size=200,keep=1)
